{"cameraMode":{"drawMode":0,"name":"Shaded","section":"Shading Mode"},"sceneLighting":false,"audioPlay":false,"sceneViewState":{"showFog":true,"showMaterialUpdate":false,"showSkybox":false,"showFlares":true,"showImageEffects":true,"showParticleSystems":true,"showVisualEffectGraphs":true,"m_FxEnabled":true},"in2DMode":false,"pivot":{"x":-1.9083483219146729,"y":-0.16197188198566438,"z":-1.2578593492507935},"rotation":{"x":-0.045103900134563449,"y":0.7685698866844177,"z":-0.05451059713959694,"w":-0.6358790397644043},"size":3.243077039718628,"orthographic":false}